CUSTOMER_ID,CUSTOMERNAME,PHONE,ADDRESSLINE1,ADDRESSLINE2,CITY,STATE,POSTALCODE,COUNTRY,TERRITORY
1,Reims Collectables,26.47.1555,59 rue de l'Abbaye,,Reims,,51100,France,EMEA
2,Lyon Souveniers,+33 1 46 62 7555,27 rue du Colonel Pierre Avia,,Paris,,75508,France,EMEA
3,Daedalus Designs Imports,20.16.1555,"184, chausse de Tournai",,Lille,,59000,France,EMEA
4,Herkku Gifts,+47 2267 3215,"Drammen 121, PR 744 Sentrum",,Bergen,,N 5804,Norway,EMEA
5,Auto Canal Petit,(1) 47.55.6555,"25, rue Lauriston",,Paris,,75016,France,EMEA
6,"Australian Collectors, Co.",03 9520 4555,636 St Kilda Road,Level 3,Melbourne,Victoria,3004,Australia,APAC
7,La Rochelle Gifts,40.67.8555,"67, rue des Cinquante Otages",,Nantes,,44000,France,EMEA
8,"Toys of Finland, Co.",90-224 8555,Keskuskatu 45,,Helsinki,,21240,Finland,EMEA
9,Baane Mini Imports,07-98 9555,Erling Skakkes gate 78,,Stavern,,4110,Norway,EMEA
10,Salzburg Collectables,6562-9555,Geislweg 14,,Salzburg,,5020,Austria,EMEA
11,Souveniers And Things Co.,+61 2 9495 8555,"Monitor Money Building, 815 Pacific Hwy",Level 6,Chatswood,NSW,2067,Australia,APAC
12,"UK Collectables, Ltd.",(171) 555-2282,Berkeley Gardens 12  Brewery,,Liverpool,,WX1 6LT,UK,EMEA
13,Euro Shopping Channel,(91) 555 94 44,"C/ Moralzarzal, 86",,Madrid,,28034,Spain,EMEA
14,"Volvo Model Replicas, Co",0921-12 3555,Berguvsv„gen  8,,Lule,,S-958 22,Sweden,EMEA
15,"Corrida Auto Replicas, Ltd",(91) 555 22 82,"C/ Araquil, 67",,Madrid,,28023,Spain,EMEA
16,"Dragon Souveniers, Ltd.",+65 221 7555,"Bronz Sok., Bronz Apt. 3/6 Tesvikiye",,Singapore,,79903,Singapore,Japan
17,"Australian Gift Network, Co",61-7-3844-6555,31 Duncan St. West End,,South Brisbane,Queensland,4101,Australia,APAC
18,"Saveley & Henriot, Co.",78.32.5555,"2, rue du Commerce",,Lyon,,69004,France,EMEA
19,Canadian Gift Exchange Network,(604) 555-3392,1900 Oak St.,,Vancouver,BC,V3F 2K1,Canada,
20,"Tokyo Collectables, Ltd",+81 3 3584 0555,2-2-8 Roppongi,,Minato-ku,Tokyo,106-0032,Japan,Japan
21,Amica Models & Co.,011-4988555,Via Monte Bianco 34,,Torino,,10100,Italy,EMEA
22,Scandinavian Gift Ideas,0695-34 6555,?kergatan 24,,Boras,,S-844 67,Sweden,EMEA
23,Auto Assoc. & Cie.,30.59.8555,"67, avenue de l'Europe",,Versailles,,78000,France,EMEA
24,"Anna's Decorations, Ltd",02 9936 8555,201 Miller Street,Level 15,North Sydney,NSW,2060,Australia,APAC
25,Quebec Home Shopping Network,(514) 555-8054,43 rue St. Laurent,,Montreal,Quebec,H1J 1C3,Canada,
26,Osaka Souveniers Co.,+81 06 6342 5555,"Dojima Avanza 4F, 1-6-20 Dojima, Kita-ku",,Osaka,Osaka,530-0003,Japan,Japan
27,Atelier graphique,40.32.2555,"54, rue Royale",,Nantes,,44000,France,EMEA
28,Danish Wholesale Imports,31 12 3555,Vinb'ltet 34,,Kobenhavn,,1734,Denmark,EMEA
29,"Stylish Desk Decors, Co.",(171) 555-0297,35 King George,,London,,WX3 6FW,UK,EMEA
30,Alpha Cognac,61.77.6555,1 rue Alsace-Lorraine,,Toulouse,,31000,France,EMEA
31,"Double Decker Gift Stores, Ltd",(171) 555-7555,120 Hanover Sq.,,London,,WA1 1DP,UK,EMEA
32,Enaco Distributors,(93) 203 4555,"Rambla de Catalu¤a, 23",,Barcelona,,8022,Spain,EMEA
33,Petit Auto,(02) 5554 67,Rue Joseph-Bens 532,,Bruxelles,,B-1180,Belgium,EMEA
34,"Royal Canadian Collectables, Ltd.",(604) 555-4555,23 Tsawassen Blvd.,,Tsawassen,BC,T2F 8M4,Canada,
35,giftsbymail.co.uk,(198) 555-8888,Garden House Crowther Way,,Cowes,Isle of Wight,PO31 7PJ,UK,EMEA
36,"Oulu Toy Supplies, Inc.",981-443655,Torikatu 38,,Oulu,,90110,Finland,EMEA
37,"La Corne D'abondance, Co.",(1) 42.34.2555,"265, boulevard Charonne",,Paris,,75012,France,EMEA
38,Mini Auto Werke,7675-3555,Kirchgasse 6,,Graz,,8010,Austria,EMEA
39,Handji Gifts& Co,+65 224 1555,Village Close - 106 Linden Road Sandown,2nd Floor,Singapore,,69045,Singapore,APAC
40,Cruz & Sons Co.,+63 2 555 3587,15 McCallum Street - NatWest Center #13-03,,Makati City,,1227 MM,Philippines,Japan
41,Marseille Mini Autos,91.24.4555,"12, rue des Bouchers",,Marseille,,13008,France,EMEA
42,"Toms Spezialitten, Ltd",0221-5554327,Mehrheimerstr. 369,,Koln,,50739,Germany,EMEA
43,"Vida Sport, Ltd",0897-034555,Grenzacherweg 237,,Gensve,,1203,Switzerland,EMEA
44,L'ordine Souveniers,0522-556555,Strada Provinciale 124,,Reggio Emilia,,42100,Italy,EMEA
45,"Blauer See Auto, Co.",+49 69 66 90 2555,Lyonerstr. 34,,Frankfurt,,60528,Germany,EMEA
46,Suominen Souveniers,+358 9 8045 555,"Software Engineering Center, SEC Oy",,Espoo,,FIN-02271,Finland,EMEA
47,"Clover Collections, Co.",+353 1862 1555,25 Maiden Lane,Floor No. 4,Dublin,,2,Ireland,EMEA
48,CAF Imports,+34 913 728 555,"Merchants House, 27-30 Merchant's Quay",,Madrid,,28023,Spain,EMEA
49,"AV Stores, Co.",(171) 555-1555,Fauntleroy Circus,,Manchester,,EC2 5NT,UK,EMEA
50,Heintze Collectables,86 21 3555,Smagsloget 45,,Aaarhus,,8200,Denmark,EMEA
51,"Iberia Gift Imports, Corp.",(95) 555 82 82,"C/ Romero, 33",,Sevilla,,41101,Spain,EMEA
52,Mini Caravy,88.60.1555,"24, place Kluber",,Strasbourg,,67000,France,EMEA
53,"Norway Gifts By Mail, Co.",+47 2212 1555,"Drammensveien 126 A, PB 744 Sentrum",,Oslo,,N 0106,Norway,EMEA
54,Rovelli Gifts,035-640555,Via Ludovico il Moro 22,,Bergamo,,24100,Italy,EMEA
55,"Australian Collectables, Ltd",61-9-3844-6555,7 Allen Street,,Glen Waverly,Victoria,3150,Australia,APAC
56,"Bavarian Collectables Imports, Co.",+49 89 61 08 9555,Hansastr. 15,,Munich,,80686,Germany,EMEA
57,Royale Belge,(071) 23 67 2555,"Boulevard Tirou, 255",,Charleroi,,B-6000,Belgium,EMEA
